year,sunspot
1749.042,96.7
1749.123,104.3
1749.204,116.7
1749.288,92.8
1749.371,141.7
1749.455,139.2
1749.538,158.0
1749.623,110.5
1749.707,126.5
1749.790,125.8
1749.874,264.3
1749.958,142.0
1750.042,122.2
1750.123,126.5
1750.204,148.7
1750.288,147.2
1750.371,150.0
1750.455,166.7
1750.538,142.3
1750.623,171.7
1750.707,152.0
1750.790,109.5
1750.874,105.5
1750.958,125.7
1751.042,116.7
1751.123,72.5
1751.204,75.5
1751.288,94.0
1751.371,101.2
1751.455,84.5
1751.538,110.5
1751.623,99.7
1751.707,39.2
1751.790,38.7
1751.874,47.5
1751.958,73.3
1752.042,58.3
1752.124,83.3
1752.206,118.3
1752.290,98.8
1752.373,99.5
1752.456,66.0
1752.540,130.7
1752.624,48.8
1752.708,45.2
1752.791,77.7
1752.874,62.7
1752.958,66.7
1753.042,73.3
1753.123,53.3
1753.204,76.2
1753.288,63.3
1753.371,60.0
1753.455,52.8
1753.538,36.7
1753.623,65.0
1753.707,46.7
1753.790,41.7
1753.874,33.3
1753.958,11.2
1754.042,0.0
1754.123,5.0
1754.204,2.8
1754.288,22.8
1754.371,34.5
1754.455,44.5
1754.538,31.3
1754.623,20.5
1754.707,13.7
1754.790,40.2
1754.874,22.0
1754.958,7.0
1755.042,17.0
1755.123,18.7
1755.204,11.3
1755.288,10.8
1755.371,0.0
1755.455,0.0
1755.538,14.3
1755.623,5.3
1755.707,29.7
1755.790,39.5
1755.874,11.3
1755.958,33.3
1756.042,20.8
1756.124,11.8
1756.206,9.0
1756.290,15.7
1756.373,20.8
1756.456,21.5
1756.540,6.0
1756.624,10.7
1756.708,19.7
1756.791,23.8
1756.874,28.3
1756.958,15.7
1757.042,23.5
1757.123,35.3
1757.204,43.7
1757.288,50.0
1757.371,63.5
1757.455,21.3
1757.538,41.7
1757.623,85.5
1757.707,66.2
1757.790,54.2
1757.874,107.8
1757.958,55.8
1758.042,62.7
1758.123,86.7
1758.204,81.7
1758.288,120.5
1758.371,77.3
1758.455,75.0
1758.538,73.3
1758.623,64.5
1758.707,104.2
1758.790,62.8
1758.874,71.7
1758.958,71.7
1759.042,80.5
1759.123,73.3
1759.204,78.0
1759.288,78.3
1759.371,81.7
1759.455,83.3
1759.538,85.0
1759.623,118.8
1759.707,128.7
1759.790,99.5
1759.874,77.2
1759.958,95.0
1760.042,112.2
1760.124,99.2
1760.206,124.5
1760.290,97.2
1760.373,120.0
1760.456,80.5
1760.540,110.0
1760.624,126.0
1760.708,102.2
1760.791,84.3
1760.874,99.5
1760.958,101.7
1761.042,116.7
1761.123,151.7
1761.204,134.5
1761.288,119.5
1761.371,178.7
1761.455,165.5
1761.538,156.8
1761.623,151.8
1761.707,167.8
1761.790,147.8
1761.874,149.5
1761.958,76.7
1762.042,73.0
1762.123,121.3
1762.204,76.2
1762.288,100.3
1762.371,66.5
1762.455,128.5
1762.538,56.3
1762.623,112.8
1762.707,114.2
1762.790,115.5
1762.874,129.7
1762.958,128.7
1763.042,94.2
1763.123,53.2
1763.204,57.0
1763.288,54.8
1763.371,54.5
1763.455,59.7
1763.538,90.3
1763.623,44.2
1763.707,113.5
1763.790,77.2
1763.874,101.5
1763.958,102.3
1764.042,99.5
1764.124,99.5
1764.206,67.0
1764.290,57.3
1764.373,73.8
1764.456,50.0
1764.540,50.0
1764.624,50.0
1764.708,47.0
1764.791,46.7
1764.874,43.3
1764.958,42.8
1765.042,40.0
1765.123,43.3
1765.204,41.7
1765.288,36.7
1765.371,33.7
1765.455,33.3
1765.538,45.0
1765.623,49.5
1765.707,26.7
1765.790,23.3
1765.874,23.3
1765.958,21.7
1766.042,20.0
1766.123,18.3
1766.204,61.0
1766.288,10.0
1766.371,44.7
1766.455,5.0
1766.538,5.5
1766.623,6.7
1766.707,7.2
1766.790,8.3
1766.874,9.5
1766.958,32.0
1767.042,45.7
1767.123,50.0
1767.204,71.7
1767.288,54.8
1767.371,49.7
1767.455,55.5
1767.538,36.5
1767.623,68.0
1767.707,71.2
1767.790,73.5
1767.874,91.2
1767.958,88.8
1768.042,89.2
1768.124,110.2
1768.206,77.2
1768.290,71.2
1768.373,129.5
1768.456,129.0
1768.540,87.7
1768.624,111.3
1768.708,124.7
1768.791,129.7
1768.874,151.0
1768.958,186.3
1769.042,123.2
1769.123,107.0
1769.204,107.2
1769.288,161.2
1769.371,122.7
1769.455,157.3
1769.538,197.7
1769.623,200.5
1769.707,248.0
1769.790,263.7
1769.874,246.8
1769.958,186.7
1770.042,173.3
1770.123,237.5
1770.204,133.5
1770.288,85.0
1770.371,116.8
1770.455,138.8
1770.538,183.0
1770.623,210.5
1770.707,174.0
1770.790,172.7
1770.874,220.3
1770.958,170.5
1771.042,60.0
1771.123,77.0
1771.204,77.8
1771.288,108.2
1771.371,254.5
1771.455,199.2
1771.538,112.8
1771.623,97.5
1771.707,169.0
1771.790,150.0
1771.874,166.2
1771.958,159.5
1772.042,168.2
1772.124,151.3
1772.206,51.8
1772.290,153.7
1772.373,63.3
1772.456,95.0
1772.540,128.8
1772.624,93.7
1772.708,84.2
1772.791,131.0
1772.874,102.2
1772.958,106.7
1773.042,91.0
1773.123,48.3
1773.204,85.3
1773.288,54.8
1773.371,68.5
1773.455,47.3
1773.538,46.2
1773.623,21.2
1773.707,48.8
1773.790,43.8
1773.874,68.2
1773.958,72.0
1774.042,78.0
1774.123,109.0
1774.204,92.8
1774.288,73.0
1774.371,85.5
1774.455,47.5
1774.538,29.2
1774.623,11.0
1774.707,13.2
1774.790,23.3
1774.874,29.5
1774.958,20.3
1775.042,7.3
1775.123,0.0
1775.204,19.3
1775.288,18.7
1775.371,6.5
1775.455,20.5
1775.538,1.7
1775.623,13.2
1775.707,5.3
1775.790,9.3
1775.874,25.2
1775.958,13.2
1776.042,36.2
1776.124,19.3
1776.206,10.5
1776.290,36.3
1776.373,18.7
1776.456,31.7
1776.540,1.7
1776.624,40.3
1776.708,26.7
1776.791,50.0
1776.874,58.3
1776.958,66.7
1777.042,75.0
1777.123,60.8
1777.204,65.0
1777.288,159.2
1777.371,133.8
1777.455,134.5
1777.538,158.3
1777.623,186.7
1777.707,193.7
1777.790,177.5
1777.874,243.3
1777.958,262.2
1778.042,295.5
1778.123,182.2
1778.204,223.3
1778.288,241.7
1778.371,398.2
1778.455,286.0
1778.538,255.0
1778.623,233.3
1778.707,286.2
1778.790,260.5
1778.874,250.5
1778.958,175.0
1779.042,191.2
1779.123,276.2
1779.204,196.7
1779.288,241.7
1779.371,233.3
1779.455,189.5
1779.538,238.3
1779.623,186.7
1779.707,185.0
1779.790,206.7
1779.874,190.0
1779.958,183.3
1780.042,116.7
1780.124,163.3
1780.206,163.3
1780.290,158.3
1780.373,178.7
1780.456,146.7
1780.540,143.3
1780.624,143.3
1780.708,156.2
1780.791,128.3
1780.874,100.0
1780.958,97.8
1781.042,164.5
1781.123,124.5
1781.204,88.3
1781.288,113.8
1781.371,174.5
1781.455,162.8
1781.538,122.5
1781.623,110.0
1781.707,85.0
1781.790,45.5
1781.874,111.7
1781.958,58.7
1782.042,90.0
1782.123,62.5
1782.204,61.7
1782.288,68.3
1782.371,90.5
1782.455,63.3
1782.538,61.7
1782.623,73.3
1782.707,56.7
1782.790,38.7
1782.874,52.5
1782.958,50.0
1783.042,46.7
1783.123,64.5
1783.204,44.5
1783.288,47.2
1783.371,38.3
1783.455,42.0
1783.538,53.7
1783.623,33.3
1783.707,30.0
1783.790,13.3
1783.874,25.0
1783.958,17.5
1784.042,21.7
1784.124,13.3
1784.206,18.3
1784.290,16.7
1784.373,10.0
1784.456,15.0
1784.540,10.0
1784.624,16.7
1784.708,16.7
1784.791,13.3
1784.874,28.3
1784.958,23.3
1785.042,10.8
1785.123,13.3
1785.204,15.0
1785.288,26.2
1785.371,34.5
1785.455,43.8
1785.538,60.5
1785.623,33.3
1785.707,53.3
1785.790,78.7
1785.874,67.0
1785.958,45.5
1786.042,62.0
1786.123,79.3
1786.204,79.5
1786.288,142.3
1786.371,153.8
1786.455,98.3
1786.538,138.3
1786.623,149.5
1786.707,185.8
1786.790,187.2
1786.874,193.3
1786.958,187.8
1787.042,224.5
1787.123,176.7
1787.204,145.7
1787.288,212.0
1787.371,224.7
1787.455,165.3
1787.538,213.3
1787.623,228.7
1787.707,262.2
1787.790,261.7
1787.874,235.8
1787.958,290.0
1788.042,230.0
1788.124,215.3
1788.206,238.8
1788.290,180.8
1788.373,188.3
1788.456,257.0
1788.540,235.8
1788.624,226.7
1788.708,235.0
1788.791,236.7
1788.874,157.8
1788.958,215.8
1789.042,190.0
1789.123,208.8
1789.204,200.0
1789.288,205.5
1789.371,205.8
1789.455,200.0
1789.538,195.0
1789.623,171.7
1789.707,186.7
1789.790,149.5
1789.874,223.3
1789.958,225.8
1790.042,171.7
1790.123,212.5
1790.204,160.5
1790.288,156.7
1790.371,155.0
1790.455,151.7
1790.538,115.5
1790.623,145.0
1790.707,128.8
1790.790,140.5
1790.874,136.7
1790.958,123.3
1791.042,121.2
1791.123,103.3
1791.204,123.3
1791.288,128.7
1791.371,122.8
1791.455,107.0
1791.538,118.3
1791.623,71.7
1791.707,110.8
1791.790,102.8
1791.874,111.7
1791.958,110.0
1792.042,96.7
1792.124,106.7
1792.206,105.0
1792.290,126.2
1792.373,103.3
1792.456,101.7
1792.540,76.3
1792.624,100.0
1792.708,98.3
1792.791,98.3
1792.874,95.0
1792.958,93.3
1793.042,93.3
1793.123,91.7
1793.204,92.5
1793.288,88.3
1793.371,87.2
1793.455,85.0
1793.538,83.3
1793.623,48.8
1793.707,40.0
1793.790,78.3
1793.874,73.3
1793.958,76.2
1794.042,75.0
1794.123,73.3
1794.204,63.3
1794.288,47.3
1794.371,92.8
1794.455,69.2
1794.538,68.3
1794.623,66.7
1794.707,18.5
1794.790,47.5
1794.874,112.3
1794.958,85.7
1795.042,35.7
1795.123,66.5
1795.204,21.0
1795.288,31.0
1795.371,51.7
1795.455,28.5
1795.538,21.5
1795.623,42.8
1795.707,22.5
1795.790,32.5
1795.874,41.7
1795.958,30.0
1796.042,36.7
1796.124,39.7
1796.206,26.2
1796.290,52.8
1796.373,35.0
1796.456,11.2
1796.540,44.8
1796.624,2.5
1796.708,30.7
1796.791,18.3
1796.874,14.0
1796.958,8.5
1797.042,24.0
1797.123,7.0
1797.204,6.7
1797.288,6.7
1797.371,12.2
1797.455,18.5
1797.538,7.2
1797.623,10.0
1797.707,9.5
1797.790,11.5
1797.874,9.7
1797.958,5.0
1798.042,3.3
1798.123,6.7
1798.204,20.7
1798.288,1.8
1798.371,0.0
1798.455,0.0
1798.538,0.0
1798.623,5.0
1798.707,4.0
1798.790,2.5
1798.874,20.8
1798.958,16.5
1799.042,2.7
1799.123,21.0
1799.204,36.2
1799.288,14.0
1799.371,13.7
1799.455,17.7
1799.538,3.5
1799.623,0.0
1799.707,0.0
1799.790,7.7
1799.874,4.5
1799.958,14.3
1800.042,11.5
1800.123,15.5
1800.204,23.2
1800.288,0.0
1800.371,8.3
1800.455,39.5
1800.538,35.0
1800.623,32.5
1800.707,19.2
1800.790,20.5
1800.874,17.5
1800.958,66.8
1801.042,45.0
1801.123,48.3
1801.204,50.0
1801.288,51.7
1801.371,53.3
1801.455,52.0
1801.538,58.3
1801.623,64.5
1801.707,55.8
1801.790,54.3
1801.874,66.3
1801.958,80.3
1802.042,79.7
1802.123,78.3
1802.204,68.0
1802.288,70.0
1802.371,73.3
1802.455,76.7
1802.538,80.0
1802.623,83.3
1802.707,86.3
1802.790,64.2
1802.874,57.5
1802.958,83.3
1803.042,83.3
1803.123,84.7
1803.204,49.2
1803.288,41.7
1803.371,73.8
1803.455,60.0
1803.538,80.5
1803.623,56.8
1803.707,75.5
1803.790,90.5
1803.874,85.0
1803.958,80.0
1804.042,75.5
1804.124,80.5
1804.206,80.0
1804.290,84.3
1804.373,55.7
1804.456,58.0
1804.540,49.7
1804.624,71.8
1804.708,88.3
1804.791,103.8
1804.874,101.7
1804.958,100.0
1805.042,101.7
1805.123,73.5
1805.204,85.7
1805.288,62.5
1805.371,65.0
1805.455,67.5
1805.538,62.7
1805.623,71.2
1805.707,74.0
1805.790,49.0
1805.874,68.3
1805.958,63.8
1806.042,65.0
1806.123,49.3
1806.204,54.5
1806.288,46.2
1806.371,44.0
1806.455,42.7
1806.538,50.0
1806.623,43.8
1806.707,40.0
1806.790,45.0
1806.874,41.7
1806.958,40.0
1807.042,20.0
1807.123,20.3
1807.204,16.0
1807.288,39.7
1807.371,16.7
1807.455,20.0
1807.538,21.2
1807.623,20.0
1807.707,9.5
1807.790,13.3
1807.874,4.3
1807.958,0.0
1808.042,0.0
1808.124,7.5
1808.206,0.0
1808.290,20.5
1808.373,22.5
1808.456,22.5
1808.540,11.2
1808.624,13.3
1808.708,19.5
1808.791,7.8
1808.874,17.5
1808.958,20.5
1809.042,12.0
1809.123,15.3
1809.204,1.5
1809.288,4.2
1809.371,3.3
1809.455,12.8
1809.538,0.5
1809.623,0.3
1809.707,0.7
1809.790,0.0
1809.874,0.0
1809.958,0.0
1810.042,0.0
1810.123,0.0
1810.204,0.0
1810.288,0.0
1810.371,0.0
1810.455,0.0
1810.538,0.0
1810.623,0.0
1810.707,0.0
1810.790,0.0
1810.874,0.0
1810.958,0.0
1811.042,0.0
1811.123,0.0
1811.204,0.0
1811.288,0.0
1811.371,0.0
1811.455,0.0
1811.538,11.0
1811.623,0.0
1811.707,4.0
1811.790,10.2
1811.874,1.3
1811.958,1.8
1812.042,18.8
1812.124,3.2
1812.206,1.2
1812.290,0.0
1812.373,1.7
1812.456,2.2
1812.540,0.8
1812.624,26.0
1812.708,8.7
1812.791,6.5
1812.874,13.2
1812.958,16.8
1813.042,0.0
1813.123,17.2
1813.204,3.2
1813.288,27.7
1813.371,9.2
1813.455,18.7
1813.538,30.5
1813.623,14.0
1813.707,25.5
1813.790,46.3
1813.874,27.8
1813.958,23.8
1814.042,37.0
1814.123,20.0
1814.204,9.5
1814.288,39.7
1814.371,9.7
1814.455,24.8
1814.538,30.8
1814.623,3.8
1814.707,13.5
1814.790,32.2
1814.874,24.2
1814.958,33.5
1815.042,32.0
1815.123,53.7
1815.204,43.7
1815.288,52.7
1815.371,16.3
1815.455,93.2
1815.538,59.2
1815.623,78.7
1815.707,52.5
1815.790,55.8
1815.874,62.0
1815.958,108.3
1816.042,43.8
1816.124,114.7
1816.206,122.8
1816.290,98.0
1816.373,73.8
1816.456,72.7
1816.540,64.7
1816.624,38.7
1816.708,79.7
1816.791,94.0
1816.874,63.5
1816.958,49.8
1817.042,60.7
1817.123,96.5
1817.204,160.3
1817.288,44.0
1817.371,35.3
1817.455,66.7
1817.538,83.3
1817.623,75.0
1817.707,61.2
1817.790,42.7
1817.874,48.2
1817.958,47.3
1818.042,58.1
1818.123,37.4
1818.204,42.4
1818.288,57.5
1818.371,88.5
1818.455,60.8
1818.538,46.8
1818.623,52.6
1818.707,43.4
1818.790,52.8
1818.874,18.3
1818.958,43.0
1819.042,54.7
1819.123,34.6
1819.204,6.3
1819.288,33.7
1819.371,32.6
1819.455,58.3
1819.538,52.5
1819.623,43.5
1819.707,24.8
1819.790,45.9
1819.874,41.8
1819.958,50.9
1820.042,32.0
1820.124,44.4
1820.206,7.5
1820.290,32.3
1820.373,48.9
1820.456,17.9
1820.540,34.1
1820.624,43.1
1820.708,8.6
1820.791,14.9
1820.874,13.2
1820.958,15.1
1821.042,36.0
1821.123,7.0
1821.204,9.5
1821.288,15.2
1821.371,2.8
1821.455,3.0
1821.538,4.3
1821.623,8.0
1821.707,7.3
1821.790,31.4
1821.874,7.3
1821.958,0.4
1822.042,0.0
1822.123,1.5
1822.204,26.9
1822.288,21.7
1822.371,2.4
1822.455,9.3
1822.538,13.2
1822.623,3.4
1822.707,0.0
1822.790,0.6
1822.874,0.0
1822.958,0.0
1823.042,0.0
1823.123,0.0
1823.204,1.0
1823.288,0.0
1823.371,0.0
1823.455,0.0
1823.538,0.8
1823.623,0.0
1823.707,0.0
1823.790,0.0
1823.874,0.0
1823.958,34.0
1824.042,36.0
1824.124,18.0
1824.206,0.0
1824.290,32.3
1824.373,4.6
1824.456,0.0
1824.540,0.0
1824.624,2.3
1824.708,34.3
1824.791,42.0
1824.874,0.0
1824.958,1.4
1825.042,8.4
1825.123,25.9
1825.204,37.4
1825.288,6.2
1825.371,25.8
1825.455,25.6
1825.538,51.5
1825.623,42.8
1825.707,26.2
1825.790,26.0
1825.874,19.6
1825.958,36.7
1826.042,29.4
1826.123,30.2
1826.204,61.3
1826.288,40.0
1826.371,53.9
1826.455,61.7
1826.538,87.5
1826.623,66.0
1826.707,31.6
1826.790,84.4
1826.874,65.8
1826.958,113.6
1827.042,57.7
1827.123,79.0
1827.204,96.3
1827.288,76.7
1827.371,93.8
1827.455,94.4
1827.538,70.4
1827.623,89.4
1827.707,82.6
1827.790,93.5
1827.874,80.4
1827.958,76.8
1828.042,88.0
1828.124,107.3
1828.206,108.5
1828.290,101.9
1828.373,148.6
1828.456,163.4
1828.540,90.4
1828.624,127.3
1828.708,83.9
1828.791,91.1
1828.874,95.0
1828.958,78.1
1829.042,71.6
1829.123,82.3
1829.204,120.6
1829.288,158.4
1829.371,112.3
1829.455,123.2
1829.538,151.5
1829.623,129.3
1829.707,88.0
1829.790,95.3
1829.874,112.7
1829.958,94.1
1830.042,87.0
1830.123,120.1
1830.204,141.0
1830.288,177.3
1830.371,110.5
1830.455,108.4
1830.538,73.2
1830.623,84.6
1830.707,103.4
1830.790,140.6
1830.874,135.4
1830.958,136.8
1831.042,79.0
1831.123,83.6
1831.204,155.8
1831.288,90.9
1831.371,63.4
1831.455,55.6
1831.538,75.4
1831.623,91.6
1831.707,63.2
1831.790,77.1
1831.874,72.5
1831.958,48.3
1832.042,51.5
1832.124,92.6
1832.206,91.9
1832.290,44.8
1832.373,68.9
1832.456,44.5
1832.540,23.3
1832.624,14.8
1832.708,13.7
1832.791,35.2
1832.874,23.8
1832.958,45.8
1833.042,18.7
1833.123,24.9
1833.204,19.6
1833.288,4.6
1833.371,21.5
1833.455,1.7
1833.538,11.6
1833.623,9.5
1833.707,19.3
1833.790,12.5
1833.874,9.8
1833.958,16.6
1834.042,8.2
1834.123,30.1
1834.204,6.5
1834.288,2.4
1834.371,14.8
1834.455,13.1
1834.538,14.4
1834.623,6.6
1834.707,19.2
1834.790,41.3
1834.874,50.9
1834.958,57.5
1835.042,12.4
1835.123,40.7
1835.204,32.7
1835.288,102.4
1835.371,72.6
1835.455,55.2
1835.538,99.6
1835.623,98.5
1835.707,168.0
1835.790,158.6
1835.874,166.7
1835.958,129.3
1836.042,147.6
1836.124,179.4
1836.206,163.7
1836.290,238.0
1836.373,185.7
1836.456,207.9
1836.540,194.6
1836.624,179.6
1836.708,158.5
1836.791,228.9
1836.874,201.5
1836.958,343.8
1837.042,313.4
1837.123,292.6
1837.204,224.3
1837.288,230.3
1837.371,186.1
1837.455,263.4
1837.538,271.2
1837.623,223.5
1837.707,160.4
1837.790,206.2
1837.874,178.4
1837.958,216.1
1838.042,241.5
1838.123,141.3
1838.204,234.5
1838.288,211.1
1838.371,229.4
1838.455,157.6
1838.538,180.4
1838.623,131.3
1838.707,122.7
1838.790,151.5
1838.874,129.2
1838.958,132.9
1839.042,175.9
1839.123,170.8
1839.204,129.5
1839.288,102.9
1839.371,89.6
1839.455,91.2
1839.538,141.3
1839.623,218.8
1839.707,221.1
1839.790,151.5
1839.874,114.7
1839.958,106.2
1840.042,135.4
1840.124,146.1
1840.206,112.9
1840.290,109.8
1840.373,115.4
1840.456,80.9
1840.540,101.0
1840.624,96.4
1840.708,123.3
1840.791,91.7
1840.874,90.4
1840.958,89.5
1841.042,40.1
1841.123,49.9
1841.204,49.6
1841.288,66.9
1841.371,112.4
1841.455,92.8
1841.538,51.4
1841.623,65.4
1841.707,60.9
1841.790,47.4
1841.874,32.9
1841.958,64.8
1842.042,34.0
1842.123,36.8
1842.204,36.2
1842.288,44.9
1842.371,41.4
1842.455,34.2
1842.538,21.0
1842.623,44.4
1842.707,30.6
1842.790,63.5
1842.874,67.5
1842.958,29.3
1843.042,22.2
1843.123,5.9
1843.204,13.9
1843.288,15.8
1843.371,35.1
1843.455,17.6
1843.538,15.9
1843.623,19.6
1843.707,6.9
1843.790,8.9
1843.874,31.7
1843.958,21.2
1844.042,15.7
1844.124,24.5
1844.206,22.5
1844.290,34.6
1844.373,19.2
1844.456,6.2
1844.540,35.2
1844.624,39.7
1844.708,11.6
1844.791,35.9
1844.874,17.9
1844.958,36.0
1845.042,42.8
1845.123,72.8
1845.204,72.1
1845.288,95.0
1845.371,79.7
1845.455,51.8
1845.538,51.0
1845.623,53.9
1845.707,49.3
1845.790,67.8
1845.874,65.7
1845.958,99.5
1846.042,64.6
1846.123,84.9
1846.204,106.5
1846.288,115.5
1846.371,99.9
1846.455,108.4
1846.538,77.5
1846.623,91.3
1846.707,178.6
1846.790,93.4
1846.874,100.6
1846.958,109.1
1847.042,104.4
1847.123,74.9
1847.204,143.0
1847.288,74.6
1847.371,125.7
1847.455,142.2
1847.538,87.1
1847.623,234.3
1847.707,268.2
1847.790,300.6
1847.874,231.5
1847.958,182.6
1848.042,265.2
1848.124,186.4
1848.206,181.2
1848.290,178.6
1848.373,170.5
1848.456,214.9
1848.540,232.0
1848.624,220.9
1848.708,167.3
1848.791,220.6
1848.874,191.0
1848.958,265.8
1849.042,298.3
1849.123,250.3
1849.204,182.7
1849.288,194.7
1849.371,153.2
1849.455,154.2
1849.538,148.2
1849.623,128.6
1849.707,178.0
1849.790,135.7
1849.874,188.2
1849.958,184.3
1850.042,148.2
1850.123,169.8
1850.204,156.8
1850.288,83.8
1850.371,117.0
1850.455,133.0
1850.538,74.3
1850.623,117.0
1850.707,163.7
1850.790,134.9
1850.874,104.1
1850.958,115.9
1851.042,143.5
1851.123,200.1
1851.204,122.8
1851.288,107.3
1851.371,118.9
1851.455,120.0
1851.538,68.6
1851.623,109.0
1851.707,128.9
1851.790,118.7
1851.874,96.8
1851.958,135.5
1852.042,129.9
1852.124,126.2
1852.206,116.2
1852.290,124.3
1852.373,104.3
1852.456,89.0
1852.540,80.0
1852.624,75.3
1852.708,71.2
1852.791,127.9
1852.874,103.1
1852.958,86.1
1853.042,77.9
1853.123,81.5
1853.204,71.6
1853.288,90.4
1853.371,65.9
1853.455,76.0
1853.538,87.2
1853.623,95.8
1853.707,63.7
1853.790,80.5
1853.874,54.7
1853.958,44.5
1854.042,29.3
1854.123,38.0
1854.204,39.4
1854.288,50.3
1854.371,45.6
1854.455,40.1
1854.538,35.5
1854.623,30.1
1854.707,42.6
1854.790,24.1
1854.874,53.5
1854.958,41.1
1855.042,23.4
1855.123,21.6
1855.204,33.0
1855.288,8.4
1855.371,17.3
1855.455,10.0
1855.538,0.7
1855.623,5.9
1855.707,0.0
1855.790,18.3
1855.874,7.9
1855.958,5.8
1856.042,1.0
1856.124,9.3
1856.206,0.7
1856.290,12.4
1856.373,0.0
1856.456,9.8
1856.540,8.8
1856.624,11.3
1856.708,8.4
1856.791,8.5
1856.874,14.7
1856.958,13.7
1857.042,26.0
1857.123,14.2
1857.204,10.0
1857.288,21.1
1857.371,54.2
1857.455,30.5
1857.538,42.2
1857.623,32.0
1857.707,80.6
1857.790,77.1
1857.874,59.6
1857.958,70.7
1858.042,74.2
1858.123,66.3
1858.204,109.2
1858.288,72.8
1858.371,78.6
1858.455,84.5
1858.538,107.7
1858.623,104.9
1858.707,152.2
1858.790,173.2
1858.874,98.6
1858.958,127.0
1859.042,159.0
1859.123,166.4
1859.204,171.5
1859.288,162.9
1859.371,172.8
1859.455,165.2
1859.538,180.7
1859.623,203.0
1859.707,200.9
1859.790,217.8
1859.874,184.6
1859.958,153.9
1860.042,156.6
1860.124,167.9
1860.206,188.0
1860.290,135.7
1860.373,203.5
1860.456,206.3
1860.540,221.9
1860.624,190.5
1860.708,175.2
1860.791,171.1
1860.874,186.0
1860.958,181.7
1861.042,118.5
1861.123,147.5
1861.204,192.0
1861.288,187.1
1861.371,107.8
1861.455,167.5
1861.538,148.2
1861.623,156.7
1861.707,151.9
1861.790,127.7
1861.874,102.0
1861.958,152.8
1862.042,119.9
1862.123,122.4
1862.204,82.7
1862.288,102.1
1862.371,122.4
1862.455,159.7
1862.538,139.5
1862.623,118.7
1862.707,126.4
1862.790,79.8
1862.874,96.0
1862.958,77.6
1863.042,91.8
1863.123,107.7
1863.204,126.0
1863.288,77.1
1863.371,102.1
1863.455,77.6
1863.538,62.0
1863.623,91.3
1863.707,41.7
1863.790,75.7
1863.874,71.6
1863.958,78.1
1864.042,109.7
1864.124,89.5
1864.206,125.9
1864.290,68.1
1864.373,77.1
1864.456,109.9
1864.540,103.8
1864.624,104.1
1864.708,54.2
1864.791,64.4
1864.874,109.3
1864.958,54.3
1865.042,92.5
1865.123,74.6
1865.204,75.0
1865.288,55.9
1865.371,65.6
1865.455,63.8
1865.538,50.8
1865.623,71.8
1865.707,41.0
1865.790,32.5
1865.874,46.7
1865.958,24.3
1866.042,60.0
1866.123,72.9
1866.204,46.6
1866.288,33.5
1866.371,24.6
1866.455,31.4
1866.538,17.6
1866.623,24.2
1866.707,13.9
1866.790,26.8
1866.874,17.2
1866.958,2.9
1867.042,0.0
1867.123,1.4
1867.204,17.4
1867.288,9.7
1867.371,5.5
1867.455,2.8
1867.538,9.5
1867.623,9.1
1867.707,18.7
1867.790,25.5
1867.874,18.1
1867.958,47.9
1868.042,25.9
1868.124,26.3
1868.206,44.0
1868.290,61.1
1868.373,44.5
1868.456,51.8
1868.540,48.3
1868.624,57.3
1868.708,78.7
1868.791,102.8
1868.874,98.7
1868.958,112.8
1869.042,101.6
1869.123,99.9
1869.204,88.0
1869.288,68.4
1869.371,173.4
1869.455,180.7
1869.538,98.8
1869.623,132.7
1869.707,134.5
1869.790,99.0
1869.874,130.2
1869.958,174.1
1870.042,129.0
1870.123,191.7
1870.204,262.7
1870.288,266.9
1870.371,293.6
1870.455,226.3
1870.538,220.9
1870.623,256.5
1870.707,226.8
1870.790,244.3
1870.874,246.0
1870.958,216.7
1871.042,147.2
1871.123,209.0
1871.204,238.7
1871.288,270.9
1871.371,242.6
1871.455,152.9
1871.538,171.8
1871.623,183.7
1871.707,133.9
1871.790,148.5
1871.874,175.7
1871.958,150.8
1872.042,132.7
1872.124,200.3
1872.206,147.5
1872.290,170.4
1872.373,179.5
1872.456,183.3
1872.540,176.0
1872.624,155.0
1872.708,191.1
1872.791,171.2
1872.874,186.8
1872.958,139.9
1873.042,144.6
1873.123,178.4
1873.204,164.0
1873.288,127.1
1873.371,80.0
1873.455,74.8
1873.538,111.7
1873.623,113.8
1873.707,78.7
1873.790,78.6
1873.874,92.5
1873.958,82.0
1874.042,101.4
1874.123,107.1
1874.204,77.5
1874.288,53.5
1874.371,74.6
1874.455,63.8
1874.538,113.2
1874.623,102.3
1874.707,46.8
1874.790,57.4
1874.874,48.2
1874.958,48.8
1875.042,24.4
1875.123,35.9
1875.204,56.4
1875.288,48.6
1875.371,19.2
1875.455,39.9
1875.538,20.9
1875.623,24.4
1875.707,4.0
1875.790,21.3
1875.874,29.6
1875.958,16.5
1876.042,23.9
1876.124,25.1
1876.206,51.1
1876.290,3.9
1876.373,8.5
1876.456,2.7
1876.540,25.5
1876.624,14.8
1876.708,16.6
1876.791,23.9
1876.874,16.6
1876.958,13.6
1877.042,40.6
1877.123,14.5
1877.204,19.9
1877.288,26.3
1877.371,36.1
1877.455,23.6
1877.538,10.0
1877.623,10.5
1877.707,28.1
1877.790,11.2
1877.874,23.6
1877.958,3.5
1878.042,5.5
1878.123,11.0
1878.204,13.1
1878.288,0.2
1878.371,9.9
1878.455,10.7
1878.538,0.2
1878.623,0.0
1878.707,8.8
1878.790,1.9
1878.874,6.8
1878.958,0.9
1879.042,1.6
1879.123,0.9
1879.204,0.0
1879.288,10.4
1879.371,4.0
1879.455,8.0
1879.538,12.6
1879.623,17.9
1879.707,10.1
1879.790,20.4
1879.874,21.9
1879.958,12.2
1880.042,40.1
1880.124,45.4
1880.206,32.1
1880.290,32.4
1880.373,39.1
1880.456,56.9
1880.540,36.5
1880.624,80.3
1880.708,110.1
1880.791,71.7
1880.874,51.1
1880.958,49.4
1881.042,60.6
1881.123,88.6
1881.204,85.8
1881.288,86.1
1881.371,72.5
1881.455,100.8
1881.538,128.2
1881.623,97.3
1881.707,88.6
1881.790,107.3
1881.874,91.5
1881.958,78.8
1882.042,75.0
1882.123,115.9
1882.204,111.5
1882.288,159.6
1882.371,106.9
1882.455,75.4
1882.538,75.7
1882.623,67.5
1882.707,96.1
1882.790,98.6
1882.874,140.6
1882.958,69.7
1883.042,101.0
1883.123,78.2
1883.204,71.3
1883.288,136.8
1883.371,52.5
1883.455,127.2
1883.538,134.4
1883.623,76.6
1883.707,87.8
1883.790,139.6
1883.874,140.8
1883.958,126.5
1884.042,152.6
1884.124,144.8
1884.206,145.8
1884.290,126.9
1884.373,110.9
1884.456,85.3
1884.540,88.5
1884.624,93.1
1884.708,103.1
1884.791,79.6
1884.874,60.9
1884.958,78.6
1885.042,71.4
1885.123,119.7
1885.204,82.9
1885.288,91.7
1885.371,121.6
1885.455,139.5
1885.538,110.9
1885.623,83.5
1885.707,66.0
1885.790,64.5
1885.874,51.6
1885.958,36.3
1886.042,49.8
1886.123,43.2
1886.204,95.5
1886.288,72.9
1886.371,51.2
1886.455,45.3
1886.538,50.4
1886.623,28.1
1886.707,35.7
1886.790,14.4
1886.874,0.6
1886.958,21.7
1887.042,17.0
1887.123,22.0
1887.204,7.1
1887.288,11.6
1887.371,33.4
1887.455,26.1
1887.538,38.9
1887.623,35.7
1887.707,12.4
1887.790,11.0
1887.874,11.5
1887.958,34.5
1888.042,21.2
1888.124,11.8
1888.206,13.1
1888.290,8.5
1888.373,11.7
1888.456,11.8
1888.540,5.0
1888.624,4.6
1888.708,14.6
1888.791,3.4
1888.874,17.9
1888.958,11.1
1889.042,1.3
1889.123,14.2
1889.204,11.1
1889.288,7.3
1889.371,4.0
1889.455,10.8
1889.538,15.8
1889.623,34.3
1889.707,10.9
1889.790,3.4
1889.874,0.3
1889.958,11.2
1890.042,8.8
1890.123,1.1
1890.204,8.5
1890.288,2.7
1890.371,7.9
1890.455,2.2
1890.538,19.3
1890.623,14.2
1890.707,28.6
1890.790,18.6
1890.874,15.9
1890.958,13.1
1891.042,22.5
1891.123,36.9
1891.204,17.2
1891.288,34.2
1891.371,68.5
1891.455,80.4
1891.538,98.0
1891.623,55.1
1891.707,89.7
1891.790,86.0
1891.874,69.8
1891.958,54.3
1892.042,115.2
1892.124,126.1
1892.206,83.3
1892.290,116.0
1892.373,132.7
1892.456,127.3
1892.540,127.6
1892.624,169.0
1892.708,104.7
1892.791,117.5
1892.874,108.9
1892.958,131.0
1893.042,125.0
1893.123,121.6
1893.204,109.5
1893.288,146.8
1893.371,141.3
1893.455,149.8
1893.538,147.6
1893.623,215.4
1893.707,129.9
1893.790,133.3
1893.874,125.2
1893.958,156.4
1894.042,138.6
1894.123,141.0
1894.204,87.1
1894.288,136.0
1894.371,168.7
1894.455,164.8
1894.538,176.7
1894.623,117.1
1894.707,110.0
1894.790,125.7
1894.874,94.3
1894.958,100.1
1895.042,105.4
1895.123,112.0
1895.204,101.6
1895.288,128.2
1895.371,112.5
1895.455,119.1
1895.538,79.7
1895.623,114.9
1895.707,96.1
1895.790,113.2
1895.874,78.6
1895.958,117.9
1896.042,48.4
1896.124,95.7
1896.206,86.5
1896.290,73.0
1896.373,46.1
1896.456,81.7
1896.540,75.2
1896.624,45.4
1896.708,102.2
1896.791,47.9
1896.874,63.3
1896.958,71.0
1897.042,67.6
1897.123,49.0
1897.204,48.7
1897.288,51.7
1897.371,33.3
1897.455,18.9
1897.538,46.1
1897.623,36.4
1897.707,80.4
1897.790,23.9
1897.874,14.0
1897.958,55.5
1898.042,50.4
1898.123,60.7
1898.204,63.9
1898.288,24.2
1898.371,43.0
1898.455,37.1
1898.538,15.0
1898.623,52.3
1898.707,58.1
1898.790,57.1
1898.874,51.6
1898.958,21.1
1899.042,32.4
1899.123,15.3
1899.204,30.3
1899.288,23.6
1899.371,12.9
1899.455,34.1
1899.538,22.5
1899.623,4.9
1899.707,14.0
1899.790,21.7
1899.874,13.0
1899.958,17.6
1900.042,15.7
1900.123,22.8
1900.204,14.4
1900.288,26.8
1900.371,25.3
1900.455,20.1
1900.538,13.9
1900.623,7.1
1900.707,13.9
1900.790,21.6
1900.874,7.5
1900.958,0.5
1901.042,0.4
1901.123,4.0
1901.204,7.4
1901.288,0.0
1901.371,17.0
1901.455,9.7
1901.538,1.2
1901.623,1.7
1901.707,0.9
1901.790,6.3
1901.874,6.4
1901.958,0.0
1902.042,9.3
1902.123,0.0
1902.204,20.7
1902.288,0.0
1902.371,4.7
1902.455,2.4
1902.538,1.5
1902.623,3.8
1902.707,12.6
1902.790,27.2
1902.874,17.2
1902.958,1.8
1903.042,13.9
1903.123,28.4
1903.204,22.5
1903.288,43.5
1903.371,24.3
1903.455,27.2
1903.538,46.4
1903.623,48.0
1903.707,18.5
1903.790,64.8
1903.874,74.2
1903.958,76.2
1904.042,52.6
1904.124,40.8
1904.206,61.9
1904.290,71.6
1904.373,65.7
1904.456,69.8
1904.540,84.3
1904.624,97.1
1904.708,50.2
1904.791,90.4
1904.874,63.4
1904.958,91.1
1905.042,91.2
1905.123,143.0
1905.204,94.3
1905.288,65.5
1905.371,79.9
1905.455,81.6
1905.538,121.6
1905.623,98.1
1905.707,91.8
1905.790,131.2
1905.874,178.7
1905.958,92.5
1906.042,75.8
1906.123,52.3
1906.204,107.4
1906.288,92.2
1906.371,96.2
1906.455,105.3
1906.538,172.7
1906.623,79.6
1906.707,93.5
1906.790,29.7
1906.874,64.8
1906.958,108.0
1907.042,127.4
1907.123,180.3
1907.204,101.1
1907.288,87.6
1907.371,71.4
1907.455,67.2
1907.538,82.9
1907.623,90.5
1907.707,141.7
1907.790,109.1
1907.874,102.5
1907.958,78.9
1908.042,65.4
1908.124,56.6
1908.206,47.9
1908.290,96.1
1908.373,68.0
1908.456,80.2
1908.540,65.8
1908.624,150.9
1908.708,144.9
1908.791,53.9
1908.874,75.9
1908.958,65.9
1909.042,94.6
1909.123,77.6
1909.204,110.5
1909.288,53.7
1909.371,60.0
1909.455,37.8
1909.538,59.6
1909.623,38.5
1909.707,64.7
1909.790,97.4
1909.874,93.0
1909.958,90.2
1910.042,44.0
1910.123,52.5
1910.204,35.7
1910.288,14.1
1910.371,36.9
1910.455,20.5
1910.538,23.5
1910.623,19.3
1910.707,43.7
1910.790,63.9
1910.874,8.3
1910.958,9.6
1911.042,5.6
1911.123,15.0
1911.204,13.0
1911.288,27.6
1911.371,15.1
1911.455,3.7
1911.538,5.9
1911.623,6.7
1911.707,6.7
1911.790,4.5
1911.874,7.0
1911.958,3.7
1912.042,0.4
1912.124,0.0
1912.206,8.2
1912.290,7.6
1912.373,7.4
1912.456,6.9
1912.540,4.9
1912.624,0.5
1912.708,15.9
1912.791,7.6
1912.874,1.9
1912.958,10.6
1913.042,3.8
1913.123,4.8
1913.204,0.8
1913.288,1.6
1913.371,0.0
1913.455,0.0
1913.538,2.9
1913.623,0.4
1913.707,2.0
1913.790,5.2
1913.874,1.2
1913.958,6.3
1914.042,4.7
1914.123,4.4
1914.204,5.3
1914.288,28.9
1914.371,8.7
1914.455,19.1
1914.538,9.1
1914.623,12.9
1914.707,21.2
1914.790,13.7
1914.874,27.3
1914.958,37.3
1915.042,38.5
1915.123,70.4
1915.204,64.8
1915.288,68.9
1915.371,55.1
1915.455,114.7
1915.538,119.4
1915.623,116.0
1915.707,82.4
1915.790,89.1
1915.874,70.9
1915.958,57.5
1916.042,75.5
1916.124,92.4
1916.206,111.7
1916.290,119.8
1916.373,124.0
1916.456,112.9
1916.540,89.3
1916.624,58.6
1916.708,75.1
1916.791,84.5
1916.874,109.5
1916.958,88.3
1917.042,124.5
1917.123,119.9
1917.204,158.0
1917.288,124.6
1917.371,190.2
1917.455,191.4
1917.538,199.7
1917.623,257.7
1917.707,215.6
1917.790,120.3
1917.874,160.7
1917.958,215.5
1918.042,160.0
1918.123,108.7
1918.204,120.4
1918.288,134.1
1918.371,127.9
1918.455,99.0
1918.538,179.5
1918.623,169.6
1918.707,133.2
1918.790,141.7
1918.874,139.0
1918.958,98.5
1919.042,80.2
1919.123,132.5
1919.204,110.9
1919.288,86.3
1919.371,146.9
1919.455,185.3
1919.538,107.8
1919.623,115.1
1919.707,91.1
1919.790,88.0
1919.874,69.9
1919.958,58.0
1920.042,85.3
1920.124,89.8
1920.206,116.9
1920.290,24.7
1920.373,55.4
1920.456,64.6
1920.540,45.7
1920.624,31.9
1920.708,60.5
1920.791,82.7
1920.874,45.3
1920.958,49.8
1921.042,52.5
1921.123,47.1
1921.204,44.5
1921.288,54.0
1921.371,37.0
1921.455,56.2
1921.538,69.7
1921.623,38.0
1921.707,29.6
1921.790,30.3
1921.874,29.6
1921.958,33.9
1922.042,19.7
1922.123,43.9
1922.204,91.3
1922.288,18.3
1922.371,13.4
1922.455,9.8
1922.538,18.3
1922.623,10.9
1922.707,7.8
1922.790,10.4
1922.874,12.2
1922.958,29.0
1923.042,7.5
1923.123,2.5
1923.204,5.5
1923.288,10.2
1923.371,5.3
1923.455,15.3
1923.538,5.9
1923.623,0.8
1923.707,22.1
1923.790,19.5
1923.874,16.7
1923.958,4.6
1924.042,0.8
1924.124,8.5
1924.206,3.0
1924.290,18.9
1924.373,34.6
1924.456,40.0
1924.540,46.9
1924.624,32.1
1924.708,41.9
1924.791,42.6
1924.874,37.5
1924.958,27.5
1925.042,9.1
1925.123,38.6
1925.204,30.0
1925.288,53.0
1925.371,71.4
1925.455,79.1
1925.538,64.2
1925.623,63.3
1925.707,100.3
1925.790,115.3
1925.874,97.6
1925.958,164.4
1926.042,119.7
1926.123,116.4
1926.204,104.2
1926.288,64.2
1926.371,107.0
1926.455,122.4
1926.538,87.2
1926.623,102.7
1926.707,101.4
1926.790,119.3
1926.874,100.8
1926.958,132.4
1927.042,136.0
1927.123,155.1
1927.204,116.1
1927.288,155.8
1927.371,131.9
1927.455,98.5
1927.538,91.6
1927.623,89.6
1927.707,114.1
1927.790,105.2
1927.874,112.1
1927.958,75.3
1928.042,139.2
1928.124,122.4
1928.206,142.4
1928.290,134.3
1928.373,128.3
1928.456,152.4
1928.540,163.4
1928.624,139.6
1928.708,149.6
1928.791,102.3
1928.874,83.9
1928.958,98.3
1929.042,114.8
1929.123,104.7
1929.204,83.8
1929.288,87.9
1929.371,97.0
1929.455,119.9
1929.538,117.1
1929.623,109.6
1929.707,57.3
1929.790,90.1
1929.874,135.1
1929.958,179.9
1930.042,108.8
1930.123,83.1
1930.204,58.4
1930.288,63.7
1930.371,61.4
1930.455,48.0
1930.538,36.5
1930.623,41.5
1930.707,53.5
1930.790,57.2
1930.874,59.4
1930.958,43.0
1931.042,24.4
1931.123,71.8
1931.204,50.1
1931.288,52.0
1931.371,40.8
1931.455,25.5
1931.538,29.0
1931.623,21.6
1931.707,31.7
1931.790,16.6
1931.874,31.2
1931.958,29.7
1932.042,20.1
